Sophia,2915

Jackson,8562

Olivia,2148

Liam,7745

Emma,9144

Noah,6709

Ava,3612

Oliver,6446

Isabella,2130

Lucas,2034

Mia,9457

Ethan,3580

Amelia,3712

Aiden,4836

Harper,2853

Sebastian,1294

Aria,1883

Alexander,9577

Evelyn,1112

Carter,1525

Riley,5169

Henry,6549

Luna,964

Matthew,3316

Zoe,4305

Leo,1977

Layla,6509

Jack,3385

Grace,3053

Daniel,1373

Nora,4729

William,4513

Scarlett,4810

Owen,6887

Chloe,5996

James,7856

Lily,64

Benjamin,2125

Mila,25

Jacob,1681

Aubrey,8749

Wyatt,9209

Ella,7211

Michael,3358

Camila,4755

Elijah,7681

Avery,4514

Oliver,1917

Abigail,2767

Daniel,9595

Emily,6058

David,5670

Elizabeth,9143

Logan,8027

Sofia,7349

Joseph,9194

Avery,2923

James,2862

Ella,3810

Samuel,9954

Evelyn,2400

Henry,8111

Avery,4263

John,9980

Scarlett,9397

Luke,1112

Grace,3843

Anthony,6368

Victoria,8453

Isaac,1966

Riley,6949

Andrew,4627

Aria,679

Gabriel,5205

Zoe,2635

Jackson,5444

Layla,8149

Christopher,8455

Penelope,6387

Joshua,1352

Lily,1626

Joseph,6841

Lillian,7011

Ethan,3801

Nora,3174

Caleb,1810

Aria,6862

Ryan,4668

Hailey,2962

Samuel,4581

Hannah,1993

Dylan,455

Addison,737

Nathan,8882

Mila,3556

Isaac,1949

Eleanor,7395

Nicholas,3684

Ellie,9510

Tyler,8541

